case,step,time_ps,heat_group,depth_lo_nm,depth_hi_nm,atom_count,mean_T_thermal_K,p95_T_thermal_K,max_ke_eV,max_vz_A_ps,zmin_nm,zmax_nm
fluence_0p5_20ps_free_surface_ablation_debug_weaker_heat,0,0,heat_01,0,1,5701,197.2381,530.38423,0.236237,9.31501,-0.9791,0
fluence_0p5_20ps_free_surface_ablation_debug_weaker_heat,0,0,heat_02,1,2,5054,169.71058,455.14627,0.155515,9.0171,-1.9292,-1.0819
fluence_0p5_20ps_free_surface_ablation_debug_weaker_heat,0,0,heat_03,2,3,5334,168.20224,437.9586,0.167963,8.51975,-2.9999,-2.0347
fluence_0p5_20ps_free_surface_ablation_debug_weaker_heat,0,0,heat_04,3,4,5496,165.17458,426.21243,0.136092,8.66852,-3.9682,-3
fluence_0p5_20ps_free_surface_ablation_debug_weaker_heat,0,0,heat_05,4,5,5054,160.21277,419.13305,0.194497,9.26849,-4.9182,-4.0716
fluence_0p5_20ps_free_surface_ablation_debug_weaker_heat,0,0,heat_06,5,6,5738,159.41952,415.77501,0.124944,8.47331,-5.9998,-5.0243
fluence_0p5_20ps_free_surface_ablation_debug_weaker_heat,0,0,heat_07,6,7,5092,151.95647,400.06509,0.116958,8.51091,-6.958,-6
fluence_0p5_20ps_free_surface_ablation_debug_weaker_heat,0,0,heat_08,7,8,5054,155.22085,405.26268,0.141646,8.37705,-7.9121,-7.0663
fluence_0p5_20ps_free_surface_ablation_debug_weaker_heat,0,0,heat_09,8,9,5776,150.11033,397.26427,0.121139,8.45611,-8.9981,-8.0161
fluence_0p5_20ps_free_surface_ablation_debug_weaker_heat,0,0,heat_10,9,10,5054,146.77733,380.83885,0.134534,8.38146,-9.9491,-9.1021
fluence_0p5_20ps_free_surface_ablation_debug_weaker_heat,1000,0.5,heat_01,0,1,5471,358.42284,925.93131,0.287178,13.3545,-0.973,0
fluence_0p5_20ps_free_surface_ablation_debug_weaker_heat,1000,0.5,heat_02,1,2,5054,299.49757,772.56071,0.268385,10.6789,-1.9256,-1.0695
fluence_0p5_20ps_free_surface_ablation_debug_weaker_heat,1000,0.5,heat_03,2,3,5557,256.17658,675.56334,0.265776,10.8451,-2.9999,-2.0273
fluence_0p5_20ps_free_surface_ablation_debug_weaker_heat,1000,0.5,heat_04,3,4,5273,233.77152,610.623,0.185253,9.81925,-3.9669,-3
fluence_0p5_20ps_free_surface_ablation_debug_weaker_heat,1000,0.5,heat_05,4,5,5054,201.86061,526.07197,0.166409,8.40461,-4.9153,-4.0642
fluence_0p5_20ps_free_surface_ablation_debug_weaker_heat,1000,0.5,heat_06,5,6,5772,171.68525,443.12963,0.205885,9.14146,-5.9996,-5.0193
fluence_0p5_20ps_free_surface_ablation_debug_weaker_heat,1000,0.5,heat_07,6,7,5058,158.32543,417.32906,0.144006,8.01828,-6.9558,-6.0002
fluence_0p5_20ps_free_surface_ablation_debug_weaker_heat,1000,0.5,heat_08,7,8,5054,154.39832,396.77429,0.139638,7.75481,-7.9092,-7.0596
fluence_0p5_20ps_free_surface_ablation_debug_weaker_heat,1000,0.5,heat_09,8,9,5776,153.72257,403.27527,0.127891,8.04295,-8.9933,-8.0099
fluence_0p5_20ps_free_surface_ablation_debug_weaker_heat,1000,0.5,heat_10,9,10,5054,148.15608,393.34325,0.137411,9.37314,-9.9447,-9.0999
fluence_0p5_20ps_free_surface_ablation_debug_weaker_heat,2000,1,heat_01,0,1,5177,498.29319,1286.6837,0.454579,13.4055,-0.9758,0
fluence_0p5_20ps_free_surface_ablation_debug_weaker_heat,2000,1,heat_02,1,2,5054,433.2453,1103.4038,0.544786,13.4389,-1.9266,-1.0606
fluence_0p5_20ps_free_surface_ablation_debug_weaker_heat,2000,1,heat_03,2,3,5698,365.81758,947.62109,0.325179,11.8176,-2.9999,-2.0156
fluence_0p5_20ps_free_surface_ablation_debug_weaker_heat,2000,1,heat_04,3,4,5132,298.78339,771.10232,0.229211,10.5864,-3.9609,-3
fluence_0p5_20ps_free_surface_ablation_debug_weaker_heat,2000,1,heat_05,4,5,5054,258.12592,656.33896,0.197802,10.2972,-4.9132,-4.0598
fluence_0p5_20ps_free_surface_ablation_debug_weaker_heat,2000,1,heat_06,5,6,5776,195.15436,508.72399,0.178937,9.56372,-5.9991,-5.0154
fluence_0p5_20ps_free_surface_ablation_debug_weaker_heat,2000,1,heat_07,6,7,5054,172.70148,449.11768,0.15205,10.1127,-6.951,-6.1044
fluence_0p5_20ps_free_surface_ablation_debug_weaker_heat,2000,1,heat_08,7,8,5054,166.35252,430.43416,0.164427,8.46366,-7.9055,-7.0529
fluence_0p5_20ps_free_surface_ablation_debug_weaker_heat,2000,1,heat_09,8,9,5776,158.82523,418.36545,0.157205,8.55755,-8.9906,-8.0091
fluence_0p5_20ps_free_surface_ablation_debug_weaker_heat,2000,1,heat_10,9,10,5054,155.79134,405.16621,0.146975,8.00724,-9.9413,-9.0945
fluence_0p5_20ps_free_surface_ablation_debug_weaker_heat,3000,1.5,heat_01,0,1,5100,621.47446,1592.3127,0.672241,14.869,-0.9674,0
fluence_0p5_20ps_free_surface_ablation_debug_weaker_heat,3000,1.5,heat_02,1,2,5054,531.37557,1377.9885,0.506363,16.7078,-1.9218,-1.0508
fluence_0p5_20ps_free_surface_ablation_debug_weaker_heat,3000,1.5,heat_03,2,3,5770,452.69646,1187.2809,0.403176,14.0034,-2.9997,-2.0057
fluence_0p5_20ps_free_surface_ablation_debug_weaker_heat,3000,1.5,heat_04,3,4,5060,376.76009,987.93652,0.486907,15.3591,-3.9602,-3
fluence_0p5_20ps_free_surface_ablation_debug_weaker_heat,3000,1.5,heat_05,4,5,5054,318.60115,817.13592,0.302795,11.5203,-4.9102,-4.0512
fluence_0p5_20ps_free_surface_ablation_debug_weaker_heat,3000,1.5,heat_06,5,6,5776,226.50263,598.61931,0.21145,9.27964,-5.9954,-5.005
fluence_0p5_20ps_free_surface_ablation_debug_weaker_heat,3000,1.5,heat_07,6,7,5054,195.48455,517.68992,0.16647,9.19053,-6.9461,-6.0961
fluence_0p5_20ps_free_surface_ablation_debug_weaker_heat,3000,1.5,heat_08,7,8,5055,182.77106,487.30172,0.148799,9.05949,-7.9997,-7.0521
fluence_0p5_20ps_free_surface_ablation_debug_weaker_heat,3000,1.5,heat_09,8,9,5775,168.58027,447.2867,0.171134,8.74859,-8.9855,-8.003
fluence_0p5_20ps_free_surface_ablation_debug_weaker_heat,3000,1.5,heat_10,9,10,5054,160.747,414.71644,0.176723,8.77088,-9.9406,-9.0892
fluence_0p5_20ps_free_surface_ablation_debug_weaker_heat,4000,2,heat_01,0,1,5066,756.49123,1978.5597,0.639733,18.4229,-0.9591,-0.0003
fluence_0p5_20ps_free_surface_ablation_debug_weaker_heat,4000,2,heat_02,1,2,5066,652.19058,1710.5243,0.73345,16.426,-1.9992,-1.0371
fluence_0p5_20ps_free_surface_ablation_debug_weaker_heat,4000,2,heat_03,2,3,5757,528.33902,1374.9038,0.486792,14.677,-2.9991,-2
fluence_0p5_20ps_free_surface_ablation_debug_weaker_heat,4000,2,heat_04,3,4,5061,455.63672,1184.3816,0.409382,13.6284,-3.9567,-3.0001
fluence_0p5_20ps_free_surface_ablation_debug_weaker_heat,4000,2,heat_05,4,5,5054,372.52156,980.32725,0.342044,12.245,-4.9076,-4.0418
fluence_0p5_20ps_free_surface_ablation_debug_weaker_heat,4000,2,heat_06,5,6,5776,271.87696,705.15352,0.265623,11.0135,-5.9939,-5.0034
fluence_0p5_20ps_free_surface_ablation_debug_weaker_heat,4000,2,heat_07,6,7,5054,224.59601,588.28737,0.198312,10.3757,-6.9429,-6.0895
fluence_0p5_20ps_free_surface_ablation_debug_weaker_heat,4000,2,heat_08,7,8,5057,196.13852,512.03122,0.183388,10.0232,-7.9997,-7.0456
fluence_0p5_20ps_free_surface_ablation_debug_weaker_heat,4000,2,heat_09,8,9,5773,183.3566,474.52056,0.161504,8.61155,-8.984,-8.0001
fluence_0p5_20ps_free_surface_ablation_debug_weaker_heat,4000,2,heat_10,9,10,5054,169.2493,439.69576,0.177673,8.82462,-9.9314,-9.0852
fluence_0p5_20ps_free_surface_ablation_debug_weaker_heat,5000,2.5,heat_01,0,1,5058,851.37367,2187.1076,0.907901,19.7708,-0.9579,-0.0005
fluence_0p5_20ps_free_surface_ablation_debug_weaker_heat,5000,2.5,heat_02,1,2,5129,736.12374,1918.6354,0.714303,18.6181,-1.9999,-1.0197
fluence_0p5_20ps_free_surface_ablation_debug_weaker_heat,5000,2.5,heat_03,2,3,5701,635.71297,1659.7579,0.534455,17.4922,-2.9948,-2.0002
fluence_0p5_20ps_free_surface_ablation_debug_weaker_heat,5000,2.5,heat_04,3,4,5054,537.23228,1418.5735,0.474627,13.9618,-3.9522,-3.0702
fluence_0p5_20ps_free_surface_ablation_debug_weaker_heat,5000,2.5,heat_05,4,5,5074,436.73943,1137.733,0.478945,16.0597,-4.9998,-4.0333
fluence_0p5_20ps_free_surface_ablation_debug_weaker_heat,5000,2.5,heat_06,5,6,5756,322.00042,835.55232,0.351862,12.6479,-5.9893,-5.0003
fluence_0p5_20ps_free_surface_ablation_debug_weaker_heat,5000,2.5,heat_07,6,7,5054,255.26182,673.41123,0.269166,11.2422,-6.9375,-6.0859
fluence_0p5_20ps_free_surface_ablation_debug_weaker_heat,5000,2.5,heat_08,7,8,5123,225.18314,588.95311,0.239441,9.88795,-7.9999,-7.0368
fluence_0p5_20ps_free_surface_ablation_debug_weaker_heat,5000,2.5,heat_09,8,9,5707,204.66147,544.56698,0.207793,9.81249,-8.9759,-8
fluence_0p5_20ps_free_surface_ablation_debug_weaker_heat,5000,2.5,heat_10,9,10,5054,183.39808,480.86596,0.160591,9.04431,-9.9262,-9.0767
fluence_0p5_20ps_free_surface_ablation_debug_weaker_heat,6000,3,heat_01,0,1,5056,960.24474,2483.8478,0.868283,17.6932,-0.9589,-0.0023
fluence_0p5_20ps_free_surface_ablation_debug_weaker_heat,6000,3,heat_02,1,2,5259,868.96139,2255.1196,0.747506,17.1775,-1.9999,-1.0146
fluence_0p5_20ps_free_surface_ablation_debug_weaker_heat,6000,3,heat_03,2,3,5571,709.70226,1846.9408,0.921777,17.0818,-2.9972,-2
fluence_0p5_20ps_free_surface_ablation_debug_weaker_heat,6000,3,heat_04,3,4,5054,585.01671,1515.502,0.466947,14.5728,-3.9379,-3.0692
fluence_0p5_20ps_free_surface_ablation_debug_weaker_heat,6000,3,heat_05,4,5,5192,500.6394,1281.9102,0.538437,17.6895,-4.9999,-4.0296
fluence_0p5_20ps_free_surface_ablation_debug_weaker_heat,6000,3,heat_06,5,6,5638,360.83805,932.96763,0.310256,12.688,-5.9811,-5
fluence_0p5_20ps_free_surface_ablation_debug_weaker_heat,6000,3,heat_07,6,7,5054,296.90458,775.6806,0.237235,10.6297,-6.9327,-6.0732
fluence_0p5_20ps_free_surface_ablation_debug_weaker_heat,6000,3,heat_08,7,8,5360,260.43625,675.57473,0.29848,11.5437,-7.9999,-7.0268
fluence_0p5_20ps_free_surface_ablation_debug_weaker_heat,6000,3,heat_09,8,9,5470,229.33674,590.19834,0.24048,9.34528,-8.9736,-8
fluence_0p5_20ps_free_surface_ablation_debug_weaker_heat,6000,3,heat_10,9,10,5054,207.60599,525.09796,0.17368,8.34936,-9.9224,-9.0727
fluence_0p5_20ps_free_surface_ablation_debug_weaker_heat,7000,3.5,heat_01,0,1,5056,1040.828,2767.6941,0.838764,22.3114,-0.9993,-0.0283
fluence_0p5_20ps_free_surface_ablation_debug_weaker_heat,7000,3.5,heat_02,1,2,5514,963.01591,2573.723,0.87394,18.8673,-1.9999,-1.0016
fluence_0p5_20ps_free_surface_ablation_debug_weaker_heat,7000,3.5,heat_03,2,3,5314,785.79599,2040.0618,1.16159,24.0846,-2.9851,-2
fluence_0p5_20ps_free_surface_ablation_debug_weaker_heat,7000,3.5,heat_04,3,4,5054,654.57238,1654.329,0.762144,17.648,-3.9402,-3.062
fluence_0p5_20ps_free_surface_ablation_debug_weaker_heat,7000,3.5,heat_05,4,5,5392,547.72708,1414.9721,0.618143,17.4264,-4.9999,-4.0163
fluence_0p5_20ps_free_surface_ablation_debug_weaker_heat,7000,3.5,heat_06,5,6,5438,408.92709,1061.4084,0.371345,13.4328,-5.9783,-5
fluence_0p5_20ps_free_surface_ablation_debug_weaker_heat,7000,3.5,heat_07,6,7,5054,335.311,862.73994,0.286109,11.6218,-6.928,-6.0698
fluence_0p5_20ps_free_surface_ablation_debug_weaker_heat,7000,3.5,heat_08,7,8,5548,284.10245,716.91925,0.297887,12.0996,-7.9999,-7.02
fluence_0p5_20ps_free_surface_ablation_debug_weaker_heat,7000,3.5,heat_09,8,9,5282,260.01954,679.83933,0.236174,11.5277,-8.9712,-8
fluence_0p5_20ps_free_surface_ablation_debug_weaker_heat,7000,3.5,heat_10,9,10,5054,231.67063,601.92631,0.21774,11.2645,-9.9197,-9.0663
fluence_0p5_20ps_free_surface_ablation_debug_weaker_heat,8000,4,heat_01,0,1,5068,1104.539,2872.5307,0.983388,21.0151,-0.9996,-0.0012
fluence_0p5_20ps_free_surface_ablation_debug_weaker_heat,8000,4,heat_02,1,2,5653,1051.5543,2734.9007,0.970115,19.8358,-1.9999,-1.0002
fluence_0p5_20ps_free_surface_ablation_debug_weaker_heat,8000,4,heat_03,2,3,5163,865.037,2241.4306,0.772176,21.2424,-2.9751,-2
fluence_0p5_20ps_free_surface_ablation_debug_weaker_heat,8000,4,heat_04,3,4,5055,735.83638,1924.5185,0.862374,16.8931,-3.9943,-3.0486
fluence_0p5_20ps_free_surface_ablation_debug_weaker_heat,8000,4,heat_05,4,5,5589,596.31796,1570.5653,0.525835,15.6232,-4.9999,-4.0075
fluence_0p5_20ps_free_surface_ablation_debug_weaker_heat,8000,4,heat_06,5,6,5240,447.10884,1154.7952,0.401059,12.4411,-5.9728,-5
fluence_0p5_20ps_free_surface_ablation_debug_weaker_heat,8000,4,heat_07,6,7,5054,374.02408,989.44458,0.380736,12.6212,-6.9216,-6.0621
fluence_0p5_20ps_free_surface_ablation_debug_weaker_heat,8000,4,heat_08,7,8,5701,319.74814,845.26256,0.324038,12.163,-7.9999,-7.0163
fluence_0p5_20ps_free_surface_ablation_debug_weaker_heat,8000,4,heat_09,8,9,5129,281.26799,731.1162,0.275432,11.3536,-8.9625,-8
fluence_0p5_20ps_free_surface_ablation_debug_weaker_heat,8000,4,heat_10,9,10,5054,255.32627,686.75483,0.219787,11.0339,-9.9159,-9.0608
fluence_0p5_20ps_free_surface_ablation_debug_weaker_heat,9000,4.5,heat_01,0,1,5115,1214.7726,3153.4362,1.06719,24.056,-0.9999,-0.0025
fluence_0p5_20ps_free_surface_ablation_debug_weaker_heat,9000,4.5,heat_02,1,2,5679,1124.1135,3032.1296,1.30277,23.8964,-1.9999,-1.0001
fluence_0p5_20ps_free_surface_ablation_debug_weaker_heat,9000,4.5,heat_03,2,3,5090,928.08652,2427.4149,0.809662,17.5247,-2.9715,-2
fluence_0p5_20ps_free_surface_ablation_debug_weaker_heat,9000,4.5,heat_04,3,4,5055,809.24478,2168.9764,1.13085,17.6529,-3.9945,-3.0393
fluence_0p5_20ps_free_surface_ablation_debug_weaker_heat,9000,4.5,heat_05,4,5,5725,641.57111,1670.3313,0.75901,15.557,-4.9999,-4.0011
fluence_0p5_20ps_free_surface_ablation_debug_weaker_heat,9000,4.5,heat_06,5,6,5104,499.68667,1307.6161,0.543343,15.3184,-5.966,-5.0004
fluence_0p5_20ps_free_surface_ablation_debug_weaker_heat,9000,4.5,heat_07,6,7,5054,406.78249,1070.2242,0.402587,13.5253,-6.9171,-6.0505
fluence_0p5_20ps_free_surface_ablation_debug_weaker_heat,9000,4.5,heat_08,7,8,5763,346.80065,914.26294,0.320842,14.7969,-7.9999,-7.0097
fluence_0p5_20ps_free_surface_ablation_debug_weaker_heat,9000,4.5,heat_09,8,9,5067,312.43303,815.81192,0.307419,9.95658,-8.9569,-8
fluence_0p5_20ps_free_surface_ablation_debug_weaker_heat,9000,4.5,heat_10,9,10,5054,282.67414,723.15064,0.315792,10.1586,-9.913,-9.0578
fluence_0p5_20ps_free_surface_ablation_debug_weaker_heat,10000,5,heat_01,0,1,5228,1333.3503,3467.493,1.08021,24.7147,-0.9999,-0.0015
fluence_0p5_20ps_free_surface_ablation_debug_weaker_heat,10000,5,heat_02,1,2,5583,1233.9244,3292.9183,1.20077,27.5931,-1.9994,-1
fluence_0p5_20ps_free_surface_ablation_debug_weaker_heat,10000,5,heat_03,2,3,5068,1014.166,2680.2541,0.789791,20.3231,-2.9717,-2.0007
fluence_0p5_20ps_free_surface_ablation_debug_weaker_heat,10000,5,heat_04,3,4,5060,874.73338,2238.3281,0.769899,18.9966,-3.9999,-3.0295
fluence_0p5_20ps_free_surface_ablation_debug_weaker_heat,10000,5,heat_05,4,5,5742,709.38926,1820.6937,0.578982,18.3328,-4.9999,-4
fluence_0p5_20ps_free_surface_ablation_debug_weaker_heat,10000,5,heat_06,5,6,5082,529.21909,1396.2777,0.465362,13.8561,-5.9612,-5
fluence_0p5_20ps_free_surface_ablation_debug_weaker_heat,10000,5,heat_07,6,7,5054,441.02708,1161.1465,0.392206,12.6097,-6.9137,-6.046
fluence_0p5_20ps_free_surface_ablation_debug_weaker_heat,10000,5,heat_08,7,8,5769,381.15352,994.25403,0.337318,13.6865,-7.9994,-7.0026
fluence_0p5_20ps_free_surface_ablation_debug_weaker_heat,10000,5,heat_09,8,9,5061,328.8069,862.46725,0.302452,10.9801,-8.9564,-8
fluence_0p5_20ps_free_surface_ablation_debug_weaker_heat,10000,5,heat_10,9,10,5054,305.13537,801.35717,0.278291,10.1527,-9.9164,-9.0517
fluence_0p5_20ps_free_surface_ablation_debug_weaker_heat,11000,5.5,heat_01,0,1,5319,1472.727,3836.2808,1.49977,25.387,-0.9999,-0.0004
fluence_0p5_20ps_free_surface_ablation_debug_weaker_heat,11000,5.5,heat_02,1,2,5478,1313.9324,3497.3543,1.21338,21.3377,-1.9991,-1
fluence_0p5_20ps_free_surface_ablation_debug_weaker_heat,11000,5.5,heat_03,2,3,5062,1121.0905,2862.0538,0.9773,24.0692,-2.9664,-2
fluence_0p5_20ps_free_surface_ablation_debug_weaker_heat,11000,5.5,heat_04,3,4,5067,929.75031,2461.3538,0.939957,16.6074,-3.9994,-3.0238
fluence_0p5_20ps_free_surface_ablation_debug_weaker_heat,11000,5.5,heat_05,4,5,5743,753.38253,1996.3449,0.665845,19.0354,-4.9999,-4
fluence_0p5_20ps_free_surface_ablation_debug_weaker_heat,11000,5.5,heat_06,5,6,5074,566.69718,1485.2324,0.468986,15.1944,-5.9681,-5.0002
fluence_0p5_20ps_free_surface_ablation_debug_weaker_heat,11000,5.5,heat_07,6,7,5054,470.35375,1220.1676,0.443707,17.0456,-6.9157,-6.052
fluence_0p5_20ps_free_surface_ablation_debug_weaker_heat,11000,5.5,heat_08,7,8,5761,406.33843,1084.1149,0.33996,12.5479,-7.9996,-7.0045
fluence_0p5_20ps_free_surface_ablation_debug_weaker_heat,11000,5.5,heat_09,8,9,5069,357.89469,905.38075,0.35158,12.9446,-8.9615,-8.0001
fluence_0p5_20ps_free_surface_ablation_debug_weaker_heat,11000,5.5,heat_10,9,10,5054,327.59548,852.10344,0.310389,12.6318,-9.9164,-9.0439
fluence_0p5_20ps_free_surface_ablation_debug_weaker_heat,12000,6,heat_01,0,1,5349,1530.422,4004.6968,1.36459,23.421,-0.9999,0
fluence_0p5_20ps_free_surface_ablation_debug_weaker_heat,12000,6,heat_02,1,2,5445,1438.1626,3713.2074,1.82999,29.9153,-1.9996,-1.0002
fluence_0p5_20ps_free_surface_ablation_debug_weaker_heat,12000,6,heat_03,2,3,5061,1175.4527,3101.2516,1.0676,21.2893,-2.9643,-2.002
fluence_0p5_20ps_free_surface_ablation_debug_weaker_heat,12000,6,heat_04,3,4,5081,1007.6559,2597.1442,1.05887,20.1982,-3.9999,-3.0212
fluence_0p5_20ps_free_surface_ablation_debug_weaker_heat,12000,6,heat_05,4,5,5739,804.90026,2082.2629,0.815402,22.4545,-4.9992,-4.0002
fluence_0p5_20ps_free_surface_ablation_debug_weaker_heat,12000,6,heat_06,5,6,5064,605.28601,1569.2738,0.57505,14.738,-5.9653,-5.0008
fluence_0p5_20ps_free_surface_ablation_debug_weaker_heat,12000,6,heat_07,6,7,5055,504.15353,1349.0963,0.384872,15.1711,-6.9948,-6.0393
fluence_0p5_20ps_free_surface_ablation_debug_weaker_heat,12000,6,heat_08,7,8,5770,433.89935,1119.464,0.385315,15.6655,-7.9992,-7.0007
fluence_0p5_20ps_free_surface_ablation_debug_weaker_heat,12000,6,heat_09,8,9,5059,383.23254,991.76417,0.29714,11.1143,-8.9567,-8.0002
fluence_0p5_20ps_free_surface_ablation_debug_weaker_heat,12000,6,heat_10,9,10,5054,346.8316,906.39856,0.395205,10.5652,-9.9179,-9.0473
fluence_0p5_20ps_free_surface_ablation_debug_weaker_heat,13000,6.5,heat_01,0,1,5309,1653.9289,4261.4471,1.28483,26.489,-0.9998,-0.0003
fluence_0p5_20ps_free_surface_ablation_debug_weaker_heat,13000,6.5,heat_02,1,2,5480,1543.4269,4061.2067,1.34532,26.6221,-1.9995,-1
fluence_0p5_20ps_free_surface_ablation_debug_weaker_heat,13000,6.5,heat_03,2,3,5062,1264.451,3303.5149,1.24355,20.7711,-2.9668,-2.0018
fluence_0p5_20ps_free_surface_ablation_debug_weaker_heat,13000,6.5,heat_04,3,4,5092,1075.4715,2786.3425,0.816089,22.9629,-3.9999,-3.0141
fluence_0p5_20ps_free_surface_ablation_debug_weaker_heat,13000,6.5,heat_05,4,5,5719,848.85071,2209.3831,0.94512,20.3061,-4.9999,-4
fluence_0p5_20ps_free_surface_ablation_debug_weaker_heat,13000,6.5,heat_06,5,6,5073,657.09719,1720.1065,0.69968,15.8733,-5.9611,-5
fluence_0p5_20ps_free_surface_ablation_debug_weaker_heat,13000,6.5,heat_07,6,7,5057,534.2644,1367.671,0.451174,14.1281,-6.9987,-6.0439
fluence_0p5_20ps_free_surface_ablation_debug_weaker_heat,13000,6.5,heat_08,7,8,5769,462.58527,1210.7816,0.442422,12.6472,-7.9986,-7.0004
fluence_0p5_20ps_free_surface_ablation_debug_weaker_heat,13000,6.5,heat_09,8,9,5058,404.67277,1056.1574,0.364428,12.8394,-8.9573,-8.001
fluence_0p5_20ps_free_surface_ablation_debug_weaker_heat,13000,6.5,heat_10,9,10,5054,377.29212,984.10203,0.325398,12.2649,-9.9104,-9.0447
fluence_0p5_20ps_free_surface_ablation_debug_weaker_heat,14000,7,heat_01,0,1,5331,1726.6801,4557.4933,1.66729,25.8807,-0.9999,-0.0002
fluence_0p5_20ps_free_surface_ablation_debug_weaker_heat,14000,7,heat_02,1,2,5448,1594.7248,4134.9443,2.09082,27.808,-1.9998,-1
fluence_0p5_20ps_free_surface_ablation_debug_weaker_heat,14000,7,heat_03,2,3,5067,1340.7564,3494.1762,1.17179,24.6383,-2.9734,-2.0009
fluence_0p5_20ps_free_surface_ablation_debug_weaker_heat,14000,7,heat_04,3,4,5086,1132.9007,2959.7481,0.916996,21.1322,-3.9999,-3.0125
fluence_0p5_20ps_free_surface_ablation_debug_weaker_heat,14000,7,heat_05,4,5,5729,921.23737,2459.5658,0.754585,17.9153,-4.9997,-4.0002
fluence_0p5_20ps_free_surface_ablation_debug_weaker_heat,14000,7,heat_06,5,6,5069,666.51757,1748.1118,0.619289,14.8955,-5.9639,-5.0005
fluence_0p5_20ps_free_surface_ablation_debug_weaker_heat,14000,7,heat_07,6,7,5057,562.35053,1497.5334,0.501989,14.8321,-6.9997,-6.0413
fluence_0p5_20ps_free_surface_ablation_debug_weaker_heat,14000,7,heat_08,7,8,5767,492.90419,1280.8773,0.388421,12.8785,-7.9998,-7.0021
fluence_0p5_20ps_free_surface_ablation_debug_weaker_heat,14000,7,heat_09,8,9,5060,430.00676,1115.5099,0.646876,14.2066,-8.9606,-8.0002
fluence_0p5_20ps_free_surface_ablation_debug_weaker_heat,14000,7,heat_10,9,10,5055,399.69751,1028.0642,0.40547,13.6552,-9.9994,-9.0431
fluence_0p5_20ps_free_surface_ablation_debug_weaker_heat,15000,7.5,heat_01,0,1,5362,1884.5893,4883.1598,1.70812,28.5849,-0.9999,0
fluence_0p5_20ps_free_surface_ablation_debug_weaker_heat,15000,7.5,heat_02,1,2,5381,1677.3393,4364.5911,1.58614,28.5533,-1.9999,-1
fluence_0p5_20ps_free_surface_ablation_debug_weaker_heat,15000,7.5,heat_03,2,3,5065,1440.4951,3722.0817,1.23632,22.3528,-2.9797,-2
fluence_0p5_20ps_free_surface_ablation_debug_weaker_heat,15000,7.5,heat_04,3,4,5101,1207.1299,3114.5455,1.05281,22.1448,-3.9999,-3.0163
fluence_0p5_20ps_free_surface_ablation_debug_weaker_heat,15000,7.5,heat_05,4,5,5694,956.70428,2432.3511,0.75712,20.2657,-4.9997,-4.0002
fluence_0p5_20ps_free_surface_ablation_debug_weaker_heat,15000,7.5,heat_06,5,6,5089,725.0015,1887.2336,0.685312,19.2763,-5.976,-5
fluence_0p5_20ps_free_surface_ablation_debug_weaker_heat,15000,7.5,heat_07,6,7,5055,589.08768,1578.6009,0.609326,14.5922,-6.9985,-6.0422
fluence_0p5_20ps_free_surface_ablation_debug_weaker_heat,15000,7.5,heat_08,7,8,5758,511.46843,1322.6048,0.484321,15.5631,-7.9998,-7.0022
fluence_0p5_20ps_free_surface_ablation_debug_weaker_heat,15000,7.5,heat_09,8,9,5071,451.00198,1192.3614,0.382509,14.4502,-8.9644,-8.0003
fluence_0p5_20ps_free_surface_ablation_debug_weaker_heat,15000,7.5,heat_10,9,10,5055,419.82193,1088.8189,0.346084,13.95,-9.9998,-9.0427
fluence_0p5_20ps_free_surface_ablation_debug_weaker_heat,16000,8,heat_01,0,1,5339,1969.5171,5082.7159,1.68862,28.6993,-0.9999,-0.0001
fluence_0p5_20ps_free_surface_ablation_debug_weaker_heat,16000,8,heat_02,1,2,5371,1787.525,4653.522,1.54395,28.5347,-1.9993,-1
fluence_0p5_20ps_free_surface_ablation_debug_weaker_heat,16000,8,heat_03,2,3,5065,1519.4552,4036.0261,1.2632,25.3178,-2.9762,-2.0008
fluence_0p5_20ps_free_surface_ablation_debug_weaker_heat,16000,8,heat_04,3,4,5095,1291.6349,3369.8388,1.0543,25.1633,-3.9999,-3.0118
fluence_0p5_20ps_free_surface_ablation_debug_weaker_heat,16000,8,heat_05,4,5,5708,1009.3726,2701.8398,1.00317,19.8786,-4.9997,-4.0002
fluence_0p5_20ps_free_surface_ablation_debug_weaker_heat,16000,8,heat_06,5,6,5081,746.24012,1951.4651,0.66229,21.3179,-5.973,-5.0001
fluence_0p5_20ps_free_surface_ablation_debug_weaker_heat,16000,8,heat_07,6,7,5055,622.11531,1633.8501,0.688462,14.3286,-6.9971,-6.0459
fluence_0p5_20ps_free_surface_ablation_debug_weaker_heat,16000,8,heat_08,7,8,5758,540.20935,1409.5593,0.528748,14.1227,-7.9998,-7.0021
fluence_0p5_20ps_free_surface_ablation_debug_weaker_heat,16000,8,heat_09,8,9,5071,484.47226,1303.5686,0.490632,14.7691,-8.9677,-8.0002
fluence_0p5_20ps_free_surface_ablation_debug_weaker_heat,16000,8,heat_10,9,10,5054,438.4605,1134.4687,0.433163,12.6972,-9.9146,-9.0491
fluence_0p5_20ps_free_surface_ablation_debug_weaker_heat,17000,8.5,heat_01,0,1,5347,2035.7819,5220.086,1.78795,27.2491,-0.9999,-0.0001
fluence_0p5_20ps_free_surface_ablation_debug_weaker_heat,17000,8.5,heat_02,1,2,5359,1907.0778,5017.0244,1.55978,24.815,-1.9997,-1
fluence_0p5_20ps_free_surface_ablation_debug_weaker_heat,17000,8.5,heat_03,2,3,5070,1578.3355,4097.1503,1.98462,27.6674,-2.9684,-2.0003
fluence_0p5_20ps_free_surface_ablation_debug_weaker_heat,17000,8.5,heat_04,3,4,5107,1352.1838,3487.0087,1.5079,23.2107,-3.9998,-3.002
fluence_0p5_20ps_free_surface_ablation_debug_weaker_heat,17000,8.5,heat_05,4,5,5699,1054.558,2767.0918,1.1072,20.8698,-4.9998,-4.0003
fluence_0p5_20ps_free_surface_ablation_debug_weaker_heat,17000,8.5,heat_06,5,6,5078,782.95494,2041.1947,0.94655,19.9666,-5.9662,-5.0007
fluence_0p5_20ps_free_surface_ablation_debug_weaker_heat,17000,8.5,heat_07,6,7,5057,653.01769,1715.1548,0.610554,17.8468,-6.9988,-6.0431
fluence_0p5_20ps_free_surface_ablation_debug_weaker_heat,17000,8.5,heat_08,7,8,5752,562.04336,1464.2985,0.488579,17.3619,-7.9998,-7.0032
fluence_0p5_20ps_free_surface_ablation_debug_weaker_heat,17000,8.5,heat_09,8,9,5075,503.30627,1313.3031,0.441909,15.139,-8.9614,-8.0001
fluence_0p5_20ps_free_surface_ablation_debug_weaker_heat,17000,8.5,heat_10,9,10,5055,461.10837,1181.0007,0.449085,12.8429,-9.9996,-9.0447
fluence_0p5_20ps_free_surface_ablation_debug_weaker_heat,18000,9,heat_01,0,1,5328,2149.3967,5592.9641,1.82361,26.0762,-0.9999,0
fluence_0p5_20ps_free_surface_ablation_debug_weaker_heat,18000,9,heat_02,1,2,5336,1958.8579,5170.4498,1.97279,24.6405,-1.9999,-1
fluence_0p5_20ps_free_surface_ablation_debug_weaker_heat,18000,9,heat_03,2,3,5074,1667.8971,4364.8322,1.32778,26.5496,-2.9826,-2.0001
fluence_0p5_20ps_free_surface_ablation_debug_weaker_heat,18000,9,heat_04,3,4,5112,1377.3003,3639.1082,1.46961,27.7267,-3.9994,-3.0038
fluence_0p5_20ps_free_surface_ablation_debug_weaker_heat,18000,9,heat_05,4,5,5685,1106.4166,2942.4434,0.990079,20.9744,-4.9999,-4
fluence_0p5_20ps_free_surface_ablation_debug_weaker_heat,18000,9,heat_06,5,6,5087,817.05342,2150.8248,0.895252,17.9408,-5.9701,-5.0001
fluence_0p5_20ps_free_surface_ablation_debug_weaker_heat,18000,9,heat_07,6,7,5056,671.14497,1735.3909,0.63576,16.7089,-6.9971,-6.0409
fluence_0p5_20ps_free_surface_ablation_debug_weaker_heat,18000,9,heat_08,7,8,5756,595.60361,1560.6943,0.481961,14.3924,-7.9997,-7.0029
fluence_0p5_20ps_free_surface_ablation_debug_weaker_heat,18000,9,heat_09,8,9,5072,532.40683,1379.9988,0.467216,15.8107,-8.9662,-8.0005
fluence_0p5_20ps_free_surface_ablation_debug_weaker_heat,18000,9,heat_10,9,10,5054,481.00717,1256.4979,0.579946,14.3916,-9.9149,-9.0472
fluence_0p5_20ps_free_surface_ablation_debug_weaker_heat,19000,9.5,heat_01,0,1,5346,2235.7412,5820.9465,1.90037,29.4075,-0.9999,0
fluence_0p5_20ps_free_surface_ablation_debug_weaker_heat,19000,9.5,heat_02,1,2,5322,2075.0051,5465.0145,1.77622,27.9601,-1.9999,-1
fluence_0p5_20ps_free_surface_ablation_debug_weaker_heat,19000,9.5,heat_03,2,3,5067,1732.0357,4531.4851,1.71184,30.0096,-2.9951,-2.0001
fluence_0p5_20ps_free_surface_ablation_debug_weaker_heat,19000,9.5,heat_04,3,4,5113,1491.4021,3794.1393,1.46197,27.8928,-3.9998,-3.0102
fluence_0p5_20ps_free_surface_ablation_debug_weaker_heat,19000,9.5,heat_05,4,5,5688,1167.0154,3056.9691,1.16875,24.1565,-4.9999,-4.0001
fluence_0p5_20ps_free_surface_ablation_debug_weaker_heat,19000,9.5,heat_06,5,6,5082,859.8919,2230.0244,0.778877,16.8599,-5.9719,-5
fluence_0p5_20ps_free_surface_ablation_debug_weaker_heat,19000,9.5,heat_07,6,7,5057,695.37333,1793.8804,0.647271,18.9959,-6.9988,-6.0421
fluence_0p5_20ps_free_surface_ablation_debug_weaker_heat,19000,9.5,heat_08,7,8,5732,610.60232,1569.5283,0.537018,14.2426,-7.9999,-7.0001
fluence_0p5_20ps_free_surface_ablation_debug_weaker_heat,19000,9.5,heat_09,8,9,5095,552.93665,1438.0245,0.58561,17.2122,-8.9658,-8.0001
fluence_0p5_20ps_free_surface_ablation_debug_weaker_heat,19000,9.5,heat_10,9,10,5054,512.6737,1331.2603,0.59696,15.9565,-9.9223,-9.0494
fluence_0p5_20ps_free_surface_ablation_debug_weaker_heat,20000,10,heat_01,0,1,5328,2293.6189,6005.4966,2.00496,32.0839,-0.9999,0
fluence_0p5_20ps_free_surface_ablation_debug_weaker_heat,20000,10,heat_02,1,2,5314,2166.1967,5629.6149,1.78601,30.6526,-1.9992,-1
fluence_0p5_20ps_free_surface_ablation_debug_weaker_heat,20000,10,heat_03,2,3,5071,1840.4338,4728.5518,1.78086,31.7069,-2.9974,-2.0001
fluence_0p5_20ps_free_surface_ablation_debug_weaker_heat,20000,10,heat_04,3,4,5117,1536.8801,4029.2584,1.44389,26.3524,-3.9999,-3.0056
fluence_0p5_20ps_free_surface_ablation_debug_weaker_heat,20000,10,heat_05,4,5,5661,1208.9288,3176.2495,1.13075,21.8321,-4.9998,-4.0001
fluence_0p5_20ps_free_surface_ablation_debug_weaker_heat,20000,10,heat_06,5,6,5104,898.45242,2371.5727,0.777065,17.3466,-5.976,-5
fluence_0p5_20ps_free_surface_ablation_debug_weaker_heat,20000,10,heat_07,6,7,5054,723.81528,1899.3593,0.874251,17.3182,-6.9298,-6.0454
fluence_0p5_20ps_free_surface_ablation_debug_weaker_heat,20000,10,heat_08,7,8,5712,649.82849,1719.0961,0.593983,17.8909,-7.9999,-7.0015
fluence_0p5_20ps_free_surface_ablation_debug_weaker_heat,20000,10,heat_09,8,9,5118,571.84919,1473.9041,0.599839,16.0973,-8.9678,-8
fluence_0p5_20ps_free_surface_ablation_debug_weaker_heat,20000,10,heat_10,9,10,5054,521.54617,1364.5841,0.467236,16.1291,-9.9273,-9.0463
fluence_0p5_20ps_free_surface_ablation_debug_weaker_heat,21000,10.5,heat_01,0,1,5342,2360.5061,6172.9884,2.60893,31.1291,-0.9999,0
fluence_0p5_20ps_free_surface_ablation_debug_weaker_heat,21000,10.5,heat_02,1,2,5302,2232.1823,5766.4614,1.86208,33.0369,-1.9996,-1
fluence_0p5_20ps_free_surface_ablation_debug_weaker_heat,21000,10.5,heat_03,2,3,5074,1910.5436,5075.4842,1.60063,32.6198,-2.9833,-2.0013
fluence_0p5_20ps_free_surface_ablation_debug_weaker_heat,21000,10.5,heat_04,3,4,5118,1611.4963,4237.9212,1.61482,26.3062,-3.9999,-3.0045
fluence_0p5_20ps_free_surface_ablation_debug_weaker_heat,21000,10.5,heat_05,4,5,5659,1260.7913,3242.0607,1.10161,25.6673,-4.9997,-4
fluence_0p5_20ps_free_surface_ablation_debug_weaker_heat,21000,10.5,heat_06,5,6,5107,895.57199,2365.2813,0.945268,19.5389,-5.9705,-5.0001
fluence_0p5_20ps_free_surface_ablation_debug_weaker_heat,21000,10.5,heat_07,6,7,5055,745.95797,1925.7699,0.799469,17.2548,-6.9987,-6.0272
fluence_0p5_20ps_free_surface_ablation_debug_weaker_heat,21000,10.5,heat_08,7,8,5693,659.65673,1723.8736,0.554592,16.462,-7.9998,-7.0042
fluence_0p5_20ps_free_surface_ablation_debug_weaker_heat,21000,10.5,heat_09,8,9,5136,599.46514,1539.6939,0.63983,16.5448,-8.9714,-8
fluence_0p5_20ps_free_surface_ablation_debug_weaker_heat,21000,10.5,heat_10,9,10,5054,556.41444,1435.1196,0.517339,15.714,-9.9228,-9.0518
fluence_0p5_20ps_free_surface_ablation_debug_weaker_heat,22000,11,heat_01,0,1,5320,2384.0508,6105.7996,2.59616,31.0109,-0.9999,0
fluence_0p5_20ps_free_surface_ablation_debug_weaker_heat,22000,11,heat_02,1,2,5320,2282.3603,5868.4809,1.83856,32.3298,-1.9993,-1
fluence_0p5_20ps_free_surface_ablation_debug_weaker_heat,22000,11,heat_03,2,3,5078,1995.7497,5155.9595,1.6433,28.2928,-2.9958,-2.0004
fluence_0p5_20ps_free_surface_ablation_debug_weaker_heat,22000,11,heat_04,3,4,5125,1673.1795,4306.5012,1.7287,27.2498,-3.9999,-3.0056
fluence_0p5_20ps_free_surface_ablation_debug_weaker_heat,22000,11,heat_05,4,5,5644,1270.5697,3344.7009,1.13527,25.1814,-4.9998,-4
fluence_0p5_20ps_free_surface_ablation_debug_weaker_heat,22000,11,heat_06,5,6,5114,931.53117,2427.4555,0.855034,19.6433,-5.9737,-5.0001
fluence_0p5_20ps_free_surface_ablation_debug_weaker_heat,22000,11,heat_07,6,7,5056,784.69353,2029.5596,0.860614,17.9962,-6.9965,-6.0321
fluence_0p5_20ps_free_surface_ablation_debug_weaker_heat,22000,11,heat_08,7,8,5697,681.62801,1775.2701,0.600267,17.1176,-7.9999,-7.0015
fluence_0p5_20ps_free_surface_ablation_debug_weaker_heat,22000,11,heat_09,8,9,5131,623.21452,1605.7863,0.596755,16.1565,-8.9717,-8
fluence_0p5_20ps_free_surface_ablation_debug_weaker_heat,22000,11,heat_10,9,10,5054,575.58906,1531.3435,0.537599,18.7528,-9.933,-9.0492
fluence_0p5_20ps_free_surface_ablation_debug_weaker_heat,23000,11.5,heat_01,0,1,5337,2370.5573,6181.8498,1.90673,31.6522,-0.9999,-0.0001
fluence_0p5_20ps_free_surface_ablation_debug_weaker_heat,23000,11.5,heat_02,1,2,5308,2340.118,6120.4986,2.44936,33.6962,-1.9993,-1
fluence_0p5_20ps_free_surface_ablation_debug_weaker_heat,23000,11.5,heat_03,2,3,5086,2037.7828,5353.2146,1.81429,27.3068,-2.9945,-2.0001
fluence_0p5_20ps_free_surface_ablation_debug_weaker_heat,23000,11.5,heat_04,3,4,5139,1724.1091,4528.799,2.07779,34.396,-3.9999,-3.0048
fluence_0p5_20ps_free_surface_ablation_debug_weaker_heat,23000,11.5,heat_05,4,5,5610,1331.4449,3448.2258,1.1231,25.5974,-4.9999,-4
fluence_0p5_20ps_free_surface_ablation_debug_weaker_heat,23000,11.5,heat_06,5,6,5132,971.40941,2516.4056,0.888271,22.2674,-5.985,-5
fluence_0p5_20ps_free_surface_ablation_debug_weaker_heat,23000,11.5,heat_07,6,7,5055,817.27669,2118.5615,0.765601,17.6417,-6.9985,-6.0345
fluence_0p5_20ps_free_surface_ablation_debug_weaker_heat,23000,11.5,heat_08,7,8,5701,704.62365,1818.7064,0.582153,15.1441,-7.9999,-7.0008
fluence_0p5_20ps_free_surface_ablation_debug_weaker_heat,23000,11.5,heat_09,8,9,5128,645.16978,1652.0664,0.528185,16.2952,-8.9806,-8
fluence_0p5_20ps_free_surface_ablation_debug_weaker_heat,23000,11.5,heat_10,9,10,5054,601.07736,1575.976,0.59609,16.5613,-9.9264,-9.0466
fluence_0p5_20ps_free_surface_ablation_debug_weaker_heat,24000,12,heat_01,0,1,5405,2373.6387,6162.1937,2.30075,31.9896,-0.9999,0
fluence_0p5_20ps_free_surface_ablation_debug_weaker_heat,24000,12,heat_02,1,2,5254,2352.6088,6179.9506,2.05766,30.5596,-1.9995,-1
fluence_0p5_20ps_free_surface_ablation_debug_weaker_heat,24000,12,heat_03,2,3,5088,2068.3078,5423.6869,1.91305,30.997,-2.9982,-2.0009
fluence_0p5_20ps_free_surface_ablation_debug_weaker_heat,24000,12,heat_04,3,4,5132,1774.4825,4555.6567,1.55258,27.0423,-3.9999,-3.0031
fluence_0p5_20ps_free_surface_ablation_debug_weaker_heat,24000,12,heat_05,4,5,5586,1369.8377,3632.3486,1.14752,21.8183,-4.9999,-4
fluence_0p5_20ps_free_surface_ablation_debug_weaker_heat,24000,12,heat_06,5,6,5165,1010.8424,2676.1181,1.26514,19.6427,-5.9855,-5
fluence_0p5_20ps_free_surface_ablation_debug_weaker_heat,24000,12,heat_07,6,7,5058,851.88734,2214.8628,0.769309,18.2685,-6.9999,-6.0337
fluence_0p5_20ps_free_surface_ablation_debug_weaker_heat,24000,12,heat_08,7,8,5698,738.3354,1900.9847,0.66946,15.5463,-7.9998,-7.0025
fluence_0p5_20ps_free_surface_ablation_debug_weaker_heat,24000,12,heat_09,8,9,5128,663.36796,1776.7108,0.721866,17.5535,-8.969,-8
fluence_0p5_20ps_free_surface_ablation_debug_weaker_heat,24000,12,heat_10,9,10,5055,608.83468,1571.5633,0.806332,17.5661,-9.9978,-9.0504
fluence_0p5_20ps_free_surface_ablation_debug_weaker_heat,25000,12.5,heat_01,0,1,5435,2490.6206,6448.2222,2.35818,32.9638,-0.9999,0
fluence_0p5_20ps_free_surface_ablation_debug_weaker_heat,25000,12.5,heat_02,1,2,5279,2343.664,6107.9015,2.22916,31.212,-1.9992,-1
fluence_0p5_20ps_free_surface_ablation_debug_weaker_heat,25000,12.5,heat_03,2,3,5074,2135.2624,5628.1332,1.85891,29.7158,-2.9928,-2
fluence_0p5_20ps_free_surface_ablation_debug_weaker_heat,25000,12.5,heat_04,3,4,5173,1816.1701,4707.8427,1.52476,25.7441,-3.9999,-3.0017
fluence_0p5_20ps_free_surface_ablation_debug_weaker_heat,25000,12.5,heat_05,4,5,5608,1385.8608,3616.1894,1.39957,24.6991,-4.9998,-4.0002
fluence_0p5_20ps_free_surface_ablation_debug_weaker_heat,25000,12.5,heat_06,5,6,5101,1028.8902,2741.7332,0.99484,20.7149,-5.9736,-5
fluence_0p5_20ps_free_surface_ablation_debug_weaker_heat,25000,12.5,heat_07,6,7,5068,868.38577,2277.1453,0.72998,17.5797,-6.9996,-6.0225
fluence_0p5_20ps_free_surface_ablation_debug_weaker_heat,25000,12.5,heat_08,7,8,5714,755.69958,1971.0127,0.729274,17.5726,-7.9997,-7.0004
fluence_0p5_20ps_free_surface_ablation_debug_weaker_heat,25000,12.5,heat_09,8,9,5102,677.7318,1749.2859,0.678102,16.9728,-8.9706,-8
fluence_0p5_20ps_free_surface_ablation_debug_weaker_heat,25000,12.5,heat_10,9,10,5056,632.254,1632.7644,0.529834,15.44,-9.9937,-9.0442
fluence_0p5_20ps_free_surface_ablation_debug_weaker_heat,26000,13,heat_01,0,1,5446,2563.7717,6870.1975,2.30576,37.1931,-0.9998,-0.0001
fluence_0p5_20ps_free_surface_ablation_debug_weaker_heat,26000,13,heat_02,1,2,5275,2347.0164,6124.3071,2.38772,32.2943,-1.9979,-1.0003
fluence_0p5_20ps_free_surface_ablation_debug_weaker_heat,26000,13,heat_03,2,3,5087,2164.0762,5737.1504,2.03286,35.0117,-2.9991,-2.0002
fluence_0p5_20ps_free_surface_ablation_debug_weaker_heat,26000,13,heat_04,3,4,5231,1822.3221,4792.2026,1.53328,27.6035,-3.9999,-3.0022
fluence_0p5_20ps_free_surface_ablation_debug_weaker_heat,26000,13,heat_05,4,5,5566,1431.6949,3844.9021,1.13273,25.6594,-4.9998,-4.0001
fluence_0p5_20ps_free_surface_ablation_debug_weaker_heat,26000,13,heat_06,5,6,5078,1054.5132,2780.021,1.15837,20.1073,-5.9666,-5
fluence_0p5_20ps_free_surface_ablation_debug_weaker_heat,26000,13,heat_07,6,7,5085,885.40222,2300.7464,0.901224,17.8246,-6.9999,-6.025
fluence_0p5_20ps_free_surface_ablation_debug_weaker_heat,26000,13,heat_08,7,8,5733,788.4344,2022.627,0.729253,16.4939,-7.9996,-7.0005
fluence_0p5_20ps_free_surface_ablation_debug_weaker_heat,26000,13,heat_09,8,9,5066,692.17506,1788.6613,1.07413,15.953,-8.9646,-8.0002
fluence_0p5_20ps_free_surface_ablation_debug_weaker_heat,26000,13,heat_10,9,10,5064,661.69084,1737.8033,0.744943,16.3864,-9.9999,-9.0328
fluence_0p5_20ps_free_surface_ablation_debug_weaker_heat,27000,13.5,heat_01,0,1,5465,2696.6842,7089.4385,2.25125,30.2217,-0.9998,-0.0002
fluence_0p5_20ps_free_surface_ablation_debug_weaker_heat,27000,13.5,heat_02,1,2,5290,2347.3542,6153.7832,2.74271,37.003,-1.997,-1.0002
fluence_0p5_20ps_free_surface_ablation_debug_weaker_heat,27000,13.5,heat_03,2,3,5087,2159.5137,5674.4565,2.49031,32.8964,-2.9997,-2.0004
fluence_0p5_20ps_free_surface_ablation_debug_weaker_heat,27000,13.5,heat_04,3,4,5294,1842.659,4945.7334,1.64074,27.1796,-3.9997,-3
fluence_0p5_20ps_free_surface_ablation_debug_weaker_heat,27000,13.5,heat_05,4,5,5500,1435.9225,3792.2882,1.50258,28.6662,-4.9997,-4
fluence_0p5_20ps_free_surface_ablation_debug_weaker_heat,27000,13.5,heat_06,5,6,5064,1074.5684,2792.4381,1.01756,20.171,-5.9625,-5.0001
fluence_0p5_20ps_free_surface_ablation_debug_weaker_heat,27000,13.5,heat_07,6,7,5101,909.43678,2362.0585,0.934776,18.7037,-6.9999,-6.0221
fluence_0p5_20ps_free_surface_ablation_debug_weaker_heat,27000,13.5,heat_08,7,8,5723,807.35514,2078.2543,0.666389,18.9077,-7.9989,-7
fluence_0p5_20ps_free_surface_ablation_debug_weaker_heat,27000,13.5,heat_09,8,9,5060,715.64315,1868.5884,0.576054,18.0515,-8.9569,-8
fluence_0p5_20ps_free_surface_ablation_debug_weaker_heat,27000,13.5,heat_10,9,10,5075,678.34614,1806.3483,0.618934,17.7637,-9.9994,-9.0308
fluence_0p5_20ps_free_surface_ablation_debug_weaker_heat,28000,14,heat_01,0,1,5441,2880.9058,7387.2768,2.40696,32.6666,-0.9997,0
fluence_0p5_20ps_free_surface_ablation_debug_weaker_heat,28000,14,heat_02,1,2,5302,2336.2489,6035.2351,2.39692,39.1666,-1.9986,-1.0003
fluence_0p5_20ps_free_surface_ablation_debug_weaker_heat,28000,14,heat_03,2,3,5115,2177.5651,5593.4226,1.95648,28.18,-2.9997,-2.0018
fluence_0p5_20ps_free_surface_ablation_debug_weaker_heat,28000,14,heat_04,3,4,5417,1904.6147,4973.2982,1.85491,34.1783,-3.9999,-3.0004
fluence_0p5_20ps_free_surface_ablation_debug_weaker_heat,28000,14,heat_05,4,5,5353,1487.0624,3927.2443,1.44884,26.2868,-4.9988,-4
fluence_0p5_20ps_free_surface_ablation_debug_weaker_heat,28000,14,heat_06,5,6,5056,1084.4655,2882.1439,1.03383,24.9173,-5.9581,-5.0005
fluence_0p5_20ps_free_surface_ablation_debug_weaker_heat,28000,14,heat_07,6,7,5183,932.66187,2402.2003,0.812276,21.7306,-6.9997,-6.0123
fluence_0p5_20ps_free_surface_ablation_debug_weaker_heat,28000,14,heat_08,7,8,5641,812.78377,2150.2198,0.76609,17.1292,-7.9997,-7
fluence_0p5_20ps_free_surface_ablation_debug_weaker_heat,28000,14,heat_09,8,9,5060,741.01193,1892.0673,0.596457,17.6257,-8.97,-8.0002
fluence_0p5_20ps_free_surface_ablation_debug_weaker_heat,28000,14,heat_10,9,10,5090,691.26071,1787.2648,0.633991,16.4232,-9.9999,-9.0226
fluence_0p5_20ps_free_surface_ablation_debug_weaker_heat,29000,14.5,heat_01,0,1,5386,3023.2888,7812.627,2.45984,37.4486,-0.9997,-0.0002
fluence_0p5_20ps_free_surface_ablation_debug_weaker_heat,29000,14.5,heat_02,1,2,5299,2348.8731,6195.6902,2.1057,29.2535,-1.9998,-1.0001
fluence_0p5_20ps_free_surface_ablation_debug_weaker_heat,29000,14.5,heat_03,2,3,5160,2174.2931,5699.4567,1.97328,31.6593,-2.9999,-2.0012
fluence_0p5_20ps_free_surface_ablation_debug_weaker_heat,29000,14.5,heat_04,3,4,5427,1833.7182,4828.2363,2.20581,30.6673,-3.9995,-3.0003
fluence_0p5_20ps_free_surface_ablation_debug_weaker_heat,29000,14.5,heat_05,4,5,5293,1474.251,3866.1628,1.37248,25.4838,-4.9982,-4
fluence_0p5_20ps_free_surface_ablation_debug_weaker_heat,29000,14.5,heat_06,5,6,5057,1118.4658,2932.8265,0.908755,24.6007,-5.953,-5.0039
fluence_0p5_20ps_free_surface_ablation_debug_weaker_heat,29000,14.5,heat_07,6,7,5318,972.06997,2529.6084,0.881592,19.3304,-6.9998,-6.0039
fluence_0p5_20ps_free_surface_ablation_debug_weaker_heat,29000,14.5,heat_08,7,8,5512,848.04825,2215.1472,0.645887,20.1781,-7.9935,-7
fluence_0p5_20ps_free_surface_ablation_debug_weaker_heat,29000,14.5,heat_09,8,9,5054,752.48374,1972.4186,0.752722,18.495,-8.9532,-8.0653
fluence_0p5_20ps_free_surface_ablation_debug_weaker_heat,29000,14.5,heat_10,9,10,5183,712.16722,1879.2278,0.566991,17.4529,-9.9997,-9.0146
fluence_0p5_20ps_free_surface_ablation_debug_weaker_heat,30000,15,heat_01,0,1,5345,3156.8238,8162.7876,2.81487,37.0081,-0.9999,0
fluence_0p5_20ps_free_surface_ablation_debug_weaker_heat,30000,15,heat_02,1,2,5343,2512.6781,6757.4518,2.70862,38.5968,-1.9993,-1
fluence_0p5_20ps_free_surface_ablation_debug_weaker_heat,30000,15,heat_03,2,3,5142,2133.9802,5494.8881,2.34741,34.3014,-2.9998,-2.0007
fluence_0p5_20ps_free_surface_ablation_debug_weaker_heat,30000,15,heat_04,3,4,5500,1906.1332,5056.194,1.8955,31.6875,-3.9998,-3.0001
fluence_0p5_20ps_free_surface_ablation_debug_weaker_heat,30000,15,heat_05,4,5,5218,1480.6312,3885.2503,1.34099,28.3575,-4.9912,-4
fluence_0p5_20ps_free_surface_ablation_debug_weaker_heat,30000,15,heat_06,5,6,5055,1136.3712,3007.9683,1.11541,20.9516,-5.9916,-5.0317
fluence_0p5_20ps_free_surface_ablation_debug_weaker_heat,30000,15,heat_07,6,7,5508,964.25674,2584.4676,1.01409,20.9706,-6.9999,-6.0034
fluence_0p5_20ps_free_surface_ablation_debug_weaker_heat,30000,15,heat_08,7,8,5321,861.91627,2269.9079,0.841614,21.6487,-7.9908,-7
fluence_0p5_20ps_free_surface_ablation_debug_weaker_heat,30000,15,heat_09,8,9,5054,763.43018,1968.2751,0.736589,19.2599,-8.945,-8.0557
fluence_0p5_20ps_free_surface_ablation_debug_weaker_heat,30000,15,heat_10,9,10,5316,728.77496,1886.5832,0.601998,19.9778,-9.9999,-9.01
fluence_0p5_20ps_free_surface_ablation_debug_weaker_heat,31000,15.5,heat_01,0,1,5282,3372.6124,8781.3667,3.27406,34.3488,-0.9999,0
fluence_0p5_20ps_free_surface_ablation_debug_weaker_heat,31000,15.5,heat_02,1,2,5353,2638.5931,6843.5333,2.86889,39.5907,-1.9998,-1.0006
fluence_0p5_20ps_free_surface_ablation_debug_weaker_heat,31000,15.5,heat_03,2,3,5162,2133.1496,5472.7578,1.73008,32.8933,-2.9997,-2.0001
fluence_0p5_20ps_free_surface_ablation_debug_weaker_heat,31000,15.5,heat_04,3,4,5507,1890.2682,4850.0496,1.82449,32.041,-3.9997,-3
fluence_0p5_20ps_free_surface_ablation_debug_weaker_heat,31000,15.5,heat_05,4,5,5156,1476.1045,3950.4319,1.58878,24.8968,-4.9899,-4
fluence_0p5_20ps_free_surface_ablation_debug_weaker_heat,31000,15.5,heat_06,5,6,5063,1159.9444,3039.8151,1.05737,19.8584,-5.9996,-5.0226
fluence_0p5_20ps_free_surface_ablation_debug_weaker_heat,31000,15.5,heat_07,6,7,5594,977.40779,2550.9915,1.00104,19.4948,-6.9998,-6.002
fluence_0p5_20ps_free_surface_ablation_debug_weaker_heat,31000,15.5,heat_08,7,8,5227,871.81269,2233.7648,0.863965,21.4563,-7.9888,-7
fluence_0p5_20ps_free_surface_ablation_debug_weaker_heat,31000,15.5,heat_09,8,9,5054,808.57775,2052.4513,0.76179,18.7394,-8.9505,-8.0514
fluence_0p5_20ps_free_surface_ablation_debug_weaker_heat,31000,15.5,heat_10,9,10,5532,746.25502,1998.2415,0.762024,17.812,-9.9999,-9.0067
fluence_0p5_20ps_free_surface_ablation_debug_weaker_heat,32000,16,heat_01,0,1,5256,3572.1623,9429.5158,2.91056,34.9719,-0.9996,-0.0001
fluence_0p5_20ps_free_surface_ablation_debug_weaker_heat,32000,16,heat_02,1,2,5342,2737.7254,7277.9246,2.85542,34.4606,-1.9999,-1.0002
fluence_0p5_20ps_free_surface_ablation_debug_weaker_heat,32000,16,heat_03,2,3,5248,2094.1304,5340.0036,2.38534,26.2861,-2.9999,-2.0001
fluence_0p5_20ps_free_surface_ablation_debug_weaker_heat,32000,16,heat_04,3,4,5437,1906.8554,4958.9556,1.63693,25.4512,-3.9999,-3
fluence_0p5_20ps_free_surface_ablation_debug_weaker_heat,32000,16,heat_05,4,5,5123,1541.1087,4049.7475,1.77651,28.1682,-4.9911,-4
fluence_0p5_20ps_free_surface_ablation_debug_weaker_heat,32000,16,heat_06,5,6,5076,1161.5295,3038.9079,1.39456,21.0706,-5.9994,-5.0046
fluence_0p5_20ps_free_surface_ablation_debug_weaker_heat,32000,16,heat_07,6,7,5641,999.28757,2591.283,0.873714,19.7106,-6.9998,-6.0001
fluence_0p5_20ps_free_surface_ablation_debug_weaker_heat,32000,16,heat_08,7,8,5168,878.86149,2299.3031,0.806859,19.8289,-7.9826,-7
fluence_0p5_20ps_free_surface_ablation_debug_weaker_heat,32000,16,heat_09,8,9,5054,815.28421,2111.9126,0.735415,19.2523,-8.9418,-8.0394
fluence_0p5_20ps_free_surface_ablation_debug_weaker_heat,32000,16,heat_10,9,10,5591,760.86598,2017.1802,0.639008,18.146,-9.9999,-9.0023
fluence_0p5_20ps_free_surface_ablation_debug_weaker_heat,33000,16.5,heat_01,0,1,5176,3660.6346,9582.0529,3.58804,37.4093,-0.9997,-0.0001
fluence_0p5_20ps_free_surface_ablation_debug_weaker_heat,33000,16.5,heat_02,1,2,5375,2884.7457,7477.1473,3.17262,34.4923,-1.9997,-1
fluence_0p5_20ps_free_surface_ablation_debug_weaker_heat,33000,16.5,heat_03,2,3,5324,2116.9436,5526.063,1.87312,26.0768,-2.9997,-2
fluence_0p5_20ps_free_surface_ablation_debug_weaker_heat,33000,16.5,heat_04,3,4,5356,1881.2903,4929.3531,1.60792,27.418,-3.9999,-3.0002
fluence_0p5_20ps_free_surface_ablation_debug_weaker_heat,33000,16.5,heat_05,4,5,5096,1523.6426,4012.2968,1.52176,28.1107,-4.9816,-4
fluence_0p5_20ps_free_surface_ablation_debug_weaker_heat,33000,16.5,heat_06,5,6,5096,1196.9122,3145.1303,1.13409,22.8105,-5.9996,-5.0088
fluence_0p5_20ps_free_surface_ablation_debug_weaker_heat,33000,16.5,heat_07,6,7,5670,1021.3635,2645.4642,1.03029,19.9082,-6.9996,-6
fluence_0p5_20ps_free_surface_ablation_debug_weaker_heat,33000,16.5,heat_08,7,8,5118,896.04469,2296.1208,0.9148,17.4506,-7.9746,-7
fluence_0p5_20ps_free_surface_ablation_debug_weaker_heat,33000,16.5,heat_09,8,9,5059,850.07639,2219.6224,0.861571,23.6285,-8.9999,-8.0322
fluence_0p5_20ps_free_surface_ablation_debug_weaker_heat,33000,16.5,heat_10,9,10,5669,758.22711,1985.661,0.560364,16.5561,-9.9998,-9.0003
fluence_0p5_20ps_free_surface_ablation_debug_weaker_heat,34000,17,heat_01,0,1,5148,3802.148,9822.1098,4.28336,42.7014,-0.9998,0
fluence_0p5_20ps_free_surface_ablation_debug_weaker_heat,34000,17,heat_02,1,2,5332,3099.8628,8240.4462,3.84732,42.0062,-1.9988,-1.0004
fluence_0p5_20ps_free_surface_ablation_debug_weaker_heat,34000,17,heat_03,2,3,5337,2103.7432,5580.9838,2.05862,27.9733,-2.9999,-2
fluence_0p5_20ps_free_surface_ablation_debug_weaker_heat,34000,17,heat_04,3,4,5365,1887.1746,4883.2676,1.71698,26.8657,-3.9999,-3.0001
fluence_0p5_20ps_free_surface_ablation_debug_weaker_heat,34000,17,heat_05,4,5,5069,1531.4843,3941.0249,1.85291,34.9011,-4.9839,-4.0018
fluence_0p5_20ps_free_surface_ablation_debug_weaker_heat,34000,17,heat_06,5,6,5166,1210.6847,3123.8525,1.15188,21.6763,-5.9999,-5.0049
fluence_0p5_20ps_free_surface_ablation_debug_weaker_heat,34000,17,heat_07,6,7,5650,1019.6283,2711.3774,0.794357,21.9072,-6.9998,-6
fluence_0p5_20ps_free_surface_ablation_debug_weaker_heat,34000,17,heat_08,7,8,5068,903.4041,2378.4618,0.800481,20.4678,-7.9681,-7.0004
fluence_0p5_20ps_free_surface_ablation_debug_weaker_heat,34000,17,heat_09,8,9,5091,861.73929,2261.9626,0.722044,17.0637,-8.9999,-8.0275
fluence_0p5_20ps_free_surface_ablation_debug_weaker_heat,34000,17,heat_10,9,10,5708,794.31378,2016.9799,0.876624,18.0514,-9.9997,-9.0012
fluence_0p5_20ps_free_surface_ablation_debug_weaker_heat,35000,17.5,heat_01,0,1,5112,4083.2117,10706.738,3.29646,39.4359,-0.9999,0
fluence_0p5_20ps_free_surface_ablation_debug_weaker_heat,35000,17.5,heat_02,1,2,5331,3172.3266,8338.8013,2.63025,37.2371,-1.9998,-1
fluence_0p5_20ps_free_surface_ablation_debug_weaker_heat,35000,17.5,heat_03,2,3,5361,2234.5937,5633.9248,2.32025,28.589,-2.9998,-2.0001
fluence_0p5_20ps_free_surface_ablation_debug_weaker_heat,35000,17.5,heat_04,3,4,5299,1853.9149,4919.9204,1.97119,36.6677,-3.9991,-3
fluence_0p5_20ps_free_surface_ablation_debug_weaker_heat,35000,17.5,heat_05,4,5,5062,1576.2187,4089.2676,1.62366,25.5773,-4.9647,-4.0002
fluence_0p5_20ps_free_surface_ablation_debug_weaker_heat,35000,17.5,heat_06,5,6,5226,1236.7058,3285.0587,1.00967,20.2957,-5.9998,-5.0033
fluence_0p5_20ps_free_surface_ablation_debug_weaker_heat,35000,17.5,heat_07,6,7,5595,1037.241,2719.1109,1.23214,19.2118,-6.9991,-6.0001
fluence_0p5_20ps_free_surface_ablation_debug_weaker_heat,35000,17.5,heat_08,7,8,5063,936.15789,2375.8545,0.746679,18.6865,-7.9624,-7.0001
fluence_0p5_20ps_free_surface_ablation_debug_weaker_heat,35000,17.5,heat_09,8,9,5102,847.78248,2168.0255,0.819664,19.8277,-8.9998,-8.0258
fluence_0p5_20ps_free_surface_ablation_debug_weaker_heat,35000,17.5,heat_10,9,10,5722,816.96428,2113.9488,0.670731,16.8902,-9.9996,-9
fluence_0p5_20ps_free_surface_ablation_debug_weaker_heat,36000,18,heat_01,0,1,5070,4181.4515,10923.777,4.41683,46.9455,-0.9998,-0.0001
fluence_0p5_20ps_free_surface_ablation_debug_weaker_heat,36000,18,heat_02,1,2,5302,3305.4932,8662.1909,3.25496,37.2403,-1.9996,-1.0002
fluence_0p5_20ps_free_surface_ablation_debug_weaker_heat,36000,18,heat_03,2,3,5447,2307.4415,6112.0912,2.45052,27.9157,-2.9998,-2.0003
fluence_0p5_20ps_free_surface_ablation_debug_weaker_heat,36000,18,heat_04,3,4,5231,1842.9423,4682.9174,1.64281,28.2268,-3.9959,-3.0001
fluence_0p5_20ps_free_surface_ablation_debug_weaker_heat,36000,18,heat_05,4,5,5069,1534.2889,3920.7261,1.52848,31.0862,-4.9993,-4.0004
fluence_0p5_20ps_free_surface_ablation_debug_weaker_heat,36000,18,heat_06,5,6,5368,1245.0374,3252.6867,1.17187,23.5531,-5.9999,-5.0009
fluence_0p5_20ps_free_surface_ablation_debug_weaker_heat,36000,18,heat_07,6,7,5451,1057.3454,2734.7093,1.20087,22.1187,-6.9995,-6.0002
fluence_0p5_20ps_free_surface_ablation_debug_weaker_heat,36000,18,heat_08,7,8,5057,945.66662,2493.8155,0.808803,19.3939,-7.9633,-7.0012
fluence_0p5_20ps_free_surface_ablation_debug_weaker_heat,36000,18,heat_09,8,9,5134,868.34326,2325.957,0.822441,18.7471,-8.9999,-8.0122
fluence_0p5_20ps_free_surface_ablation_debug_weaker_heat,36000,18,heat_10,9,10,5684,820.05532,2148.9498,0.744037,17.7832,-9.999,-9.0001
fluence_0p5_20ps_free_surface_ablation_debug_weaker_heat,37000,18.5,heat_01,0,1,4985,4249.8429,11099.245,3.4981,35.1807,-0.9999,-0.0002
fluence_0p5_20ps_free_surface_ablation_debug_weaker_heat,37000,18.5,heat_02,1,2,5287,3489.5806,9107.69,3.91156,35.9892,-1.9999,-1
fluence_0p5_20ps_free_surface_ablation_debug_weaker_heat,37000,18.5,heat_03,2,3,5452,2335.8794,6088.5531,2.73667,27.6244,-2.9999,-2.0001
fluence_0p5_20ps_free_surface_ablation_debug_weaker_heat,37000,18.5,heat_04,3,4,5207,1857.834,4857.5146,1.77231,27.128,-3.9992,-3
fluence_0p5_20ps_free_surface_ablation_debug_weaker_heat,37000,18.5,heat_05,4,5,5063,1582.0607,4176.704,1.78776,29.3511,-4.9995,-4.0002
fluence_0p5_20ps_free_surface_ablation_debug_weaker_heat,37000,18.5,heat_06,5,6,5459,1258.8661,3304.0862,1.15068,27.6162,-5.9999,-5.0009
fluence_0p5_20ps_free_surface_ablation_debug_weaker_heat,37000,18.5,heat_07,6,7,5362,1061.4039,2699.4351,0.781533,21.3889,-6.9971,-6
fluence_0p5_20ps_free_surface_ablation_debug_weaker_heat,37000,18.5,heat_08,7,8,5056,954.9976,2493.8325,0.836423,22.1683,-7.9608,-7.0043
fluence_0p5_20ps_free_surface_ablation_debug_weaker_heat,37000,18.5,heat_09,8,9,5245,892.39034,2301.1567,1.15865,19.9011,-8.9999,-8.0018
fluence_0p5_20ps_free_surface_ablation_debug_weaker_heat,37000,18.5,heat_10,9,10,5582,834.99077,2201.466,0.925301,20.3619,-9.9998,-9.0003
fluence_0p5_20ps_free_surface_ablation_debug_weaker_heat,38000,19,heat_01,0,1,4961,4477.0021,11721.104,4.29998,43.9236,-0.9998,-0.0001
fluence_0p5_20ps_free_surface_ablation_debug_weaker_heat,38000,19,heat_02,1,2,5229,3616.4004,9404.2917,3.06017,37.4278,-1.9997,-1.0001
fluence_0p5_20ps_free_surface_ablation_debug_weaker_heat,38000,19,heat_03,2,3,5473,2441.2219,6437.4851,2.31451,32.4526,-2.9995,-2
fluence_0p5_20ps_free_surface_ablation_debug_weaker_heat,38000,19,heat_04,3,4,5186,1828.0512,4587.2325,2.05395,26.2551,-3.9974,-3.0001
fluence_0p5_20ps_free_surface_ablation_debug_weaker_heat,38000,19,heat_05,4,5,5076,1549.3719,4106.4049,1.49208,24.1093,-4.9997,-4.0001
fluence_0p5_20ps_free_surface_ablation_debug_weaker_heat,38000,19,heat_06,5,6,5480,1286.0819,3297.2281,1.17067,22.4369,-5.9999,-5
fluence_0p5_20ps_free_surface_ablation_debug_weaker_heat,38000,19,heat_07,6,7,5330,1083.4366,2810.8492,0.88583,21.7725,-6.9972,-6
fluence_0p5_20ps_free_surface_ablation_debug_weaker_heat,38000,19,heat_08,7,8,5055,1002.6315,2631.5238,0.974847,17.4255,-7.959,-7.0102
fluence_0p5_20ps_free_surface_ablation_debug_weaker_heat,38000,19,heat_09,8,9,5352,897.87364,2385.9408,0.96378,18.9765,-8.9999,-8.0055
fluence_0p5_20ps_free_surface_ablation_debug_weaker_heat,38000,19,heat_10,9,10,5476,850.9503,2224.8359,0.725833,18.9987,-9.9984,-9
fluence_0p5_20ps_free_surface_ablation_debug_weaker_heat,39000,19.5,heat_01,0,1,4928,4701.504,12372.188,3.91493,39.9683,-0.9994,-0.0001
fluence_0p5_20ps_free_surface_ablation_debug_weaker_heat,39000,19.5,heat_02,1,2,5203,3771.2883,9968.2723,3.24012,44.0528,-1.9998,-1.0004
fluence_0p5_20ps_free_surface_ablation_debug_weaker_heat,39000,19.5,heat_03,2,3,5444,2600.1422,7019.133,2.93114,29.6669,-2.9996,-2
fluence_0p5_20ps_free_surface_ablation_debug_weaker_heat,39000,19.5,heat_04,3,4,5209,1812.4602,4756.5435,1.87846,29.5803,-3.9951,-3
fluence_0p5_20ps_free_surface_ablation_debug_weaker_heat,39000,19.5,heat_05,4,5,5092,1581.3063,4130.4458,1.41023,23.2131,-4.9999,-4.0022
fluence_0p5_20ps_free_surface_ablation_debug_weaker_heat,39000,19.5,heat_06,5,6,5525,1277.5065,3381.2622,1.05511,23.2495,-5.9999,-5.0003
fluence_0p5_20ps_free_surface_ablation_debug_weaker_heat,39000,19.5,heat_07,6,7,5268,1101.3827,2867.9915,0.917785,22.511,-6.9989,-6
fluence_0p5_20ps_free_surface_ablation_debug_weaker_heat,39000,19.5,heat_08,7,8,5054,991.80355,2582.6967,1.09282,21.0299,-7.9494,-7.0424
fluence_0p5_20ps_free_surface_ablation_debug_weaker_heat,39000,19.5,heat_09,8,9,5289,926.37593,2395.7353,0.80324,19.7793,-8.9999,-8.0066
fluence_0p5_20ps_free_surface_ablation_debug_weaker_heat,39000,19.5,heat_10,9,10,5541,856.83158,2191.1319,0.770287,18.9438,-9.9994,-9.0001
fluence_0p5_20ps_free_surface_ablation_debug_weaker_heat,40000,20,heat_01,0,1,4885,4779.0235,12340.105,4.71716,43.1425,-0.9998,-0.0012
fluence_0p5_20ps_free_surface_ablation_debug_weaker_heat,40000,20,heat_02,1,2,5113,3847.1887,9910.971,4.18457,41.1995,-1.9985,-1.0001
fluence_0p5_20ps_free_surface_ablation_debug_weaker_heat,40000,20,heat_03,2,3,5415,2694.4462,7094.7573,2.30816,34.913,-2.9999,-2.0005
fluence_0p5_20ps_free_surface_ablation_debug_weaker_heat,40000,20,heat_04,3,4,5259,1844.0463,4872.6942,1.78509,31.0007,-3.9986,-3
fluence_0p5_20ps_free_surface_ablation_debug_weaker_heat,40000,20,heat_05,4,5,5100,1592.7611,4056.0331,1.83215,25.3578,-4.9997,-4.002
fluence_0p5_20ps_free_surface_ablation_debug_weaker_heat,40000,20,heat_06,5,6,5523,1302.1696,3404.3336,1.07096,23.5344,-5.9999,-5.0001
fluence_0p5_20ps_free_surface_ablation_debug_weaker_heat,40000,20,heat_07,6,7,5261,1116.1123,2892.3737,0.90486,19.6919,-6.9956,-6
fluence_0p5_20ps_free_surface_ablation_debug_weaker_heat,40000,20,heat_08,7,8,5055,989.53989,2594.77,1.1012,19.2851,-7.9522,-7
fluence_0p5_20ps_free_surface_ablation_debug_weaker_heat,40000,20,heat_09,8,9,5339,913.7324,2385.2316,0.843272,18.9391,-8.9999,-8.0016
fluence_0p5_20ps_free_surface_ablation_debug_weaker_heat,40000,20,heat_10,9,10,5489,890.93088,2293.8487,0.791075,17.5602,-9.9961,-9
